id	source	category	status	requirement	evidence	check
P24-RB-001	.internal-dev/plans/20260830-194512-implement-the-complete-lyra-language-jvm-backend-runtime/plan.md#Required-Behavior	language	PASS	Every non-deferred lexical syntactic semantic evaluation module and failure rule is implemented and proven	tools/phase24-conformance-coverage.tsv#P24-COV-LANG-001;tools/phase24-conformance-coverage.tsv#P24-COV-LANG-002;tools/phase24-conformance-coverage.tsv#P24-COV-LANG-003;tools/phase24-conformance-coverage.tsv#P24-COV-LANG-004;tools/phase24-conformance-coverage.tsv#P24-COV-LANG-005;tools/phase24-conformance-coverage.tsv#P24-COV-LANG-006;tools/phase24-conformance-coverage.tsv#P24-COV-LANG-007;tools/phase24-conformance-coverage.tsv#P24-COV-LANG-008;tools/phase24-conformance-coverage.tsv#P24-COV-LANG-009;tools/phase24-conformance-coverage.tsv#P24-COV-LANG-010;tools/phase24-conformance-coverage.tsv#P24-COV-LANG-011;tools/phase24-conformance-coverage.tsv#P24-COV-LANG-012	coverage
P24-RB-002	.internal-dev/plans/20260830-194512-implement-the-complete-lyra-language-jvm-backend-runtime/plan.md#Required-Behavior	backend	PASS	Every non-deferred backend runtime CLI artifact and Java-consumption contract is implemented and proven	tools/phase24-conformance-coverage.tsv#P24-COV-BACK-001;tools/phase24-conformance-coverage.tsv#P24-COV-BACK-002;tools/phase24-conformance-coverage.tsv#P24-COV-BACK-003;tools/phase24-conformance-coverage.tsv#P24-COV-BACK-004;tools/phase24-conformance-coverage.tsv#P24-COV-BACK-005;tools/phase24-conformance-coverage.tsv#P24-COV-BACK-006;tools/phase24-conformance-coverage.tsv#P24-COV-BACK-007;tools/phase24-conformance-coverage.tsv#P24-COV-BACK-008;tools/phase24-conformance-coverage.tsv#P24-COV-BACK-009;tools/phase24-conformance-coverage.tsv#P24-COV-BACK-010;tools/phase24-conformance-coverage.tsv#P24-COV-BACK-011;tools/phase24-conformance-coverage.tsv#P24-COV-BACK-012;tools/phase24-conformance-coverage.tsv#P24-COV-BACK-013	coverage
P24-RB-003	.internal-dev/plans/20260830-194512-implement-the-complete-lyra-language-jvm-backend-runtime/plan.md#Required-Behavior	scope	PASS	Deferred capabilities stay out of implementation grammar public API and completion claims	tools/phase24-release-audit.sh;lyra-compiler/src/main/resources/grammar_spec.md	deferred
P24-RB-004	.internal-dev/plans/20260830-194512-implement-the-complete-lyra-language-jvm-backend-runtime/plan.md#Required-Behavior	frontend	PASS	The two-phase grammar match then parser replay architecture and consumption invariants are retained	lyra-compiler/src/test/java/GrammarMatcherTest.java#testRangesAndNestedInvariantsAreExecutable;lyra-compiler/src/test/java/ParserTest.java#testReplayIsDeterministicDeeplyImmutableAndInvariantChecked	grammar
P24-RB-005	.internal-dev/plans/20260830-194512-implement-the-complete-lyra-language-jvm-backend-runtime/plan.md#Required-Behavior	immutability	PASS	Published source token syntax semantic IR class and artifact outputs are deeply immutable	lyra-compiler/src/test/java/io/mindspice/lyra/compiler/semantic/Domain11SealingTest.java#publicationAttachesImmutableFactsAndNestedCollections;lyra-compiler/src/test/java/io/mindspice/lyra/compiler/ir/TypedIrTest.java#everyClosedIrVariantIsProducedBySupportedSource	sealing
P24-RB-006	.internal-dev/plans/20260830-194512-implement-the-complete-lyra-language-jvm-backend-runtime/plan.md#Required-Behavior	architecture	PASS	Syntax AST semantic graph and typed IR are separate closed layers	lyra-compiler/src/test/java/io/mindspice/lyra/compiler/semantic/Domain11SealingTest.java#publicationAttachesImmutableFactsAndNestedCollections;lyra-compiler/src/test/java/io/mindspice/lyra/compiler/ir/TypedIrTest.java#everyClosedIrVariantIsProducedBySupportedSource	sealing
P24-RB-007	.internal-dev/plans/20260830-194512-implement-the-complete-lyra-language-jvm-backend-runtime/plan.md#Required-Behavior	identity	PASS	Compilation-local IDs and stable module export artifact identities are propagated deterministically	lyra-compiler/src/test/java/TypeIdentityTest.java#testCompilationIdsAreDeterministicAndImmutable;lyra-compiler/src/test/java/ModuleGraphDiscoveryTest.java#testOrderingAndRevisionsIgnorePhysicalPaths;lyra-compiler/src/test/java/io/mindspice/lyra/compiler/backend/jvm/GeneratedTypePlannerTest.java#repeatedPlanningAndIndependentOrderingAreDeterministic	identity
P24-RB-008	.internal-dev/plans/20260830-194512-implement-the-complete-lyra-language-jvm-backend-runtime/plan.md#Required-Behavior	modules	PASS	Reachable graph resolution import visibility function SCC linkage eager dependency analysis and order are implemented	lyra-compiler/src/test/java/ModuleGraphDiscoveryTest.java#testReachableHeaderImportsAndCyclesBecomeGraphEdges;lyra-compiler/src/test/java/SemanticResolverTest.java#testImportsAliasesSelectionsReexportsAndVisibility;lyra-compiler/src/test/java/io/mindspice/lyra/compiler/api/Phase22ConformanceTest.java#pathGraphCompilesDependencyFirstAndKeepsInstancesIndependent	module
P24-RB-009	.internal-dev/plans/20260830-194512-implement-the-complete-lyra-language-jvm-backend-runtime/plan.md#Required-Behavior	types	PASS	Bidirectional type checking exact literals widening narrowing nil and modifier contracts are implemented	lyra-compiler/src/test/java/TypeIdentityTest.java#testExactLiteralTyping;lyra-compiler/src/test/java/TypeCheckerTest.java#testValidatorEnforcesCallAndAccessShapeMatrix;lyra-compiler/src/test/java/io/mindspice/lyra/compiler/backend/jvm/JvmAbiMapperTest.java#arraysTuplesAndFunctionsUseConcreteGeneratedReferences	types
P24-RB-010	.internal-dev/plans/20260830-194512-implement-the-complete-lyra-language-jvm-backend-runtime/plan.md#Required-Behavior	jvm	PASS	Production emission uses direct Java 25 Class-File API bytecode with specialized descriptors	lyra-compiler/src/test/java/ClassFileApiSpikeTest.java#testLoadsInvokesAndPassesExternalVerification;lyra-compiler/src/test/java/io/mindspice/lyra/compiler/backend/jvm/Phase15SmokeTest.java#verifiesAndInvokesTheCompleteArtifactInAnExternalJvm;lyra-compiler/src/test/java/io/mindspice/lyra/compiler/backend/jvm/Phase23StructuralBytecodeTest.java#directSelfTailCallHasNoGeneratedRecursiveInvokeAndKeepsConstantStack	jvm
P24-RB-011	.internal-dev/plans/20260830-194512-implement-the-complete-lyra-language-jvm-backend-runtime/plan.md#Required-Behavior	facade	PASS	Generated typed facades factories metadata setters function values lifecycle and authentication are implemented	lyra-compiler/src/test/java/io/mindspice/lyra/compiler/backend/jvm/Phase17SmokeTest.java#generatedFacadeCompilesAsAnOrdinaryJavaConsumer;lyra-compiler/src/test/java/io/mindspice/lyra/compiler/api/Phase19PublicApiTest.java#compilerPublishesImmutableArtifactAndExactBoundHandle;lyra-compiler/src/test/java/io/mindspice/lyra/compiler/api/Phase22ConformanceTest.java#generatedFacadeExposesExactJavaTypesAndCompilesAsAConsumer	api
P24-RB-012	.internal-dev/plans/20260830-194512-implement-the-complete-lyra-language-jvm-backend-runtime/plan.md#Required-Behavior	artifacts	PASS	Classes thin JAR and bundled JAR assembly metadata maps normalized entries and atomic publication are implemented	lyra-compiler/src/test/java/io/mindspice/lyra/compiler/artifact/Phase18ArtifactTest.java#metadataIsCanonicalEscapedOrderedAndReadable;lyra-compiler/src/test/java/io/mindspice/lyra/compiler/backend/jvm/Phase18SmokeTest.java#thinJarIsStoredReproducibleAndUsesEpochEntries	artifact
P24-RB-013	.internal-dev/plans/20260830-194512-implement-the-complete-lyra-language-jvm-backend-runtime/plan.md#Required-Behavior	java-api	PASS	Public Java compile load instantiate export and exact-handle APIs use immutable results and options	lyra-compiler/src/test/java/io/mindspice/lyra/compiler/backend/jvm/Phase17SmokeTest.java#generatedFacadeCompilesAsAnOrdinaryJavaConsumer;lyra-compiler/src/test/java/io/mindspice/lyra/compiler/api/Phase19PublicApiTest.java#compilerPublishesImmutableArtifactAndExactBoundHandle;lyra-compiler/src/test/java/io/mindspice/lyra/compiler/api/Phase22ConformanceTest.java#generatedFacadeExposesExactJavaTypesAndCompilesAsAConsumer	api
P24-RB-014	.internal-dev/plans/20260830-194512-implement-the-complete-lyra-language-jvm-backend-runtime/plan.md#Required-Behavior	cli	PASS	The exact run compile help version argument and exit-code workflows are implemented	lyra-cli/src/test/java/io/mindspice/lyra/cli/Phase21CliTest.java#helpVersionAndUsageAreStable;lyra-cli/src/test/java/io/mindspice/lyra/cli/Phase22CliConformanceTest.java#runMapsRuntimeFailuresAndDeferredSyntaxToSourceFailures;tools/phase24-release-audit.sh	cli
P24-RB-015	.internal-dev/plans/20260830-194512-implement-the-complete-lyra-language-jvm-backend-runtime/plan.md#Required-Behavior	io	PASS	Pinned std->io identity direct lowering UTF-8 configurable streams line input and failures are implemented	lyra-compiler/src/test/java/io/mindspice/lyra/compiler/api/Phase20IoTest.java#outputUsesConfiguredCharsetOneWritePerCallAndFlushes;lyra-compiler/src/test/java/io/mindspice/lyra/compiler/api/Phase20IoTest.java#readLineDecodesUtf8StripsOnlyCrLfAndUsesNilOnlyAtCleanEof	io
P24-RB-016	.internal-dev/plans/20260830-194512-implement-the-complete-lyra-language-jvm-backend-runtime/plan.md#Required-Behavior	diagnostics	PASS	Stable compiler/runtime codes source spans frames maps rendering and linkage boundaries are implemented	lyra-compiler/src/test/java/io/mindspice/lyra/compiler/api/Phase22ConformanceTest.java#runtimeFailureMatrixIncludesFramesAndInitializationCause;lyra-cli/src/test/java/io/mindspice/lyra/cli/Phase22CliConformanceTest.java#runMapsRuntimeFailuresAndDeferredSyntaxToSourceFailures	diagnostics
P24-RB-017	.internal-dev/plans/20260830-194512-implement-the-complete-lyra-language-jvm-backend-runtime/plan.md#Required-Behavior	performance	PASS	The owner-ratified Phase 23 structural empirical and allocation gate passes freshly	tools/phase23-evidence.sh;tools/phase23-gates.json;tools/phase23_gate.py	phase23
P24-RB-018	.internal-dev/plans/20260830-194512-implement-the-complete-lyra-language-jvm-backend-runtime/plan.md#Required-Behavior	validation	PASS	Assertion-grade coverage replaces print-only or vacuous validation for the entire normative contract	tools/phase24-conformance-coverage.tsv#P24-COV-LANG-001;tools/phase24-conformance-coverage.tsv#P24-COV-LANG-002;tools/phase24-conformance-coverage.tsv#P24-COV-LANG-003;tools/phase24-conformance-coverage.tsv#P24-COV-LANG-004;tools/phase24-conformance-coverage.tsv#P24-COV-LANG-005;tools/phase24-conformance-coverage.tsv#P24-COV-LANG-006;tools/phase24-conformance-coverage.tsv#P24-COV-LANG-007;tools/phase24-conformance-coverage.tsv#P24-COV-LANG-008;tools/phase24-conformance-coverage.tsv#P24-COV-LANG-009;tools/phase24-conformance-coverage.tsv#P24-COV-LANG-010;tools/phase24-conformance-coverage.tsv#P24-COV-LANG-011;tools/phase24-conformance-coverage.tsv#P24-COV-LANG-012;tools/phase24-conformance-coverage.tsv#P24-COV-BACK-001;tools/phase24-conformance-coverage.tsv#P24-COV-BACK-002;tools/phase24-conformance-coverage.tsv#P24-COV-BACK-003;tools/phase24-conformance-coverage.tsv#P24-COV-BACK-004;tools/phase24-conformance-coverage.tsv#P24-COV-BACK-005;tools/phase24-conformance-coverage.tsv#P24-COV-BACK-006;tools/phase24-conformance-coverage.tsv#P24-COV-BACK-007;tools/phase24-conformance-coverage.tsv#P24-COV-BACK-008;tools/phase24-conformance-coverage.tsv#P24-COV-BACK-009;tools/phase24-conformance-coverage.tsv#P24-COV-BACK-010;tools/phase24-conformance-coverage.tsv#P24-COV-BACK-011;tools/phase24-conformance-coverage.tsv#P24-COV-BACK-012;tools/phase24-conformance-coverage.tsv#P24-COV-BACK-013	coverage
P24-TGT-001	.internal-dev/plans/20260830-194512-implement-the-complete-lyra-language-jvm-backend-runtime/plan.md#Targets	build	PASS	Root POM is a Java 25 parent aggregator with exactly four child modules, including the optional REPL module	pom.xml;lyra-runtime/pom.xml;lyra-compiler/pom.xml;lyra-cli/pom.xml	layout
P24-TGT-002	.internal-dev/plans/20260830-194512-implement-the-complete-lyra-language-jvm-backend-runtime/plan.md#Targets	build	PASS	lyra-runtime is the minimal classpath runtime artifact with no JPMS descriptor	pom.xml;lyra-runtime/pom.xml;lyra-compiler/pom.xml;lyra-cli/pom.xml	layout
P24-TGT-003	.internal-dev/plans/20260830-194512-implement-the-complete-lyra-language-jvm-backend-runtime/plan.md#Targets	build	PASS	lyra-compiler owns frontend semantics IR emission packaging and compiler tests	pom.xml;lyra-runtime/pom.xml;lyra-compiler/pom.xml;lyra-cli/pom.xml	layout
P24-TGT-004	.internal-dev/plans/20260830-194512-implement-the-complete-lyra-language-jvm-backend-runtime/plan.md#Targets	build	PASS	lyra-cli owns command parsing launch composition integration tests and scripts	pom.xml;lyra-runtime/pom.xml;lyra-compiler/pom.xml;lyra-cli/pom.xml	layout
P24-TGT-005	.internal-dev/plans/20260830-194512-implement-the-complete-lyra-language-jvm-backend-runtime/plan.md#Targets	migration	PASS	Legacy prototype source packages are not compiled or exposed	tools/phase24-release-audit.sh	legacy
P24-TGT-006	.internal-dev/plans/20260830-194512-implement-the-complete-lyra-language-jvm-backend-runtime/plan.md#Targets	source	PASS	Source snapshots identities revisions UTF-8 validation spans and graph resolution exist	lyra-compiler/src/test/java/LexerTest.java#testLiteralsAndUtf16Rules;lyra-compiler/src/test/java/SourceFoundationTest.java#testDiagnosticsCarryDataAndRenderLocations;lyra-compiler/src/test/java/ParserTest.java#testParserBuildsCompleteImmutableTree	frontend
P24-TGT-007	.internal-dev/plans/20260830-194512-implement-the-complete-lyra-language-jvm-backend-runtime/plan.md#Targets	lexer	PASS	The complete token trivia span literal modifier and malformed-input lexer model exists	lyra-compiler/src/test/java/LexerTest.java#testLiteralsAndUtf16Rules;lyra-compiler/src/test/java/SourceFoundationTest.java#testDiagnosticsCarryDataAndRenderLocations;lyra-compiler/src/test/java/ParserTest.java#testParserBuildsCompleteImmutableTree	frontend
P24-TGT-008	.internal-dev/plans/20260830-194512-implement-the-complete-lyra-language-jvm-backend-runtime/plan.md#Targets	grammar	PASS	Grammar matching recognizes only current normative syntax and emits replay descriptors	lyra-compiler/src/test/java/GrammarMatcherTest.java#testRangesAndNestedInvariantsAreExecutable;lyra-compiler/src/test/java/ParserTest.java#testReplayIsDeterministicDeeplyImmutableAndInvariantChecked	grammar
P24-TGT-009	.internal-dev/plans/20260830-194512-implement-the-complete-lyra-language-jvm-backend-runtime/plan.md#Targets	parser	PASS	Parser replay constructs the immutable AST with exact accessor and aggregate distinctions	lyra-compiler/src/test/java/LexerTest.java#testLiteralsAndUtf16Rules;lyra-compiler/src/test/java/SourceFoundationTest.java#testDiagnosticsCarryDataAndRenderLocations;lyra-compiler/src/test/java/ParserTest.java#testParserBuildsCompleteImmutableTree	frontend
P24-TGT-010	.internal-dev/plans/20260830-194512-implement-the-complete-lyra-language-jvm-backend-runtime/plan.md#Targets	ast	PASS	Syntax AST nodes are span-complete immutable and free of semantic/JVM state	lyra-compiler/src/test/java/io/mindspice/lyra/compiler/semantic/Domain11SealingTest.java#publicationAttachesImmutableFactsAndNestedCollections;lyra-compiler/src/test/java/io/mindspice/lyra/compiler/ir/TypedIrTest.java#everyClosedIrVariantIsProducedBySupportedSource	sealing
P24-TGT-011	.internal-dev/plans/20260830-194512-implement-the-complete-lyra-language-jvm-backend-runtime/plan.md#Targets	documentation	PASS	Human-readable grammar is synchronized as subordinate EBNF and excludes deferred productions	tools/phase24-release-audit.sh;lyra-compiler/src/main/resources/grammar_spec.md	scope
P24-TGT-012	.internal-dev/plans/20260830-194512-implement-the-complete-lyra-language-jvm-backend-runtime/plan.md#Targets	migration	PASS	Obsolete duplicate grammar resources and prototype evidence are absent from the active build	tools/phase24-release-audit.sh	legacy
P24-TGT-013	.internal-dev/plans/20260830-194512-implement-the-complete-lyra-language-jvm-backend-runtime/plan.md#Targets	semantic	PASS	Declaration collection scopes resolution captures mutation authorization and initialization analysis exist	lyra-compiler/src/test/java/SemanticResolverTest.java#testMutationAuthorizationAndImportedOwnership;lyra-compiler/src/test/java/TypeCheckerTest.java#testScalarsDeclarationsOperatorsAndCalls;lyra-compiler/src/test/java/Domain11FlowStateTest.java#shortCircuitOperatorsRetainTheSkippedCallableEffectPath	semantic
P24-TGT-014	.internal-dev/plans/20260830-194512-implement-the-complete-lyra-language-jvm-backend-runtime/plan.md#Targets	types	PASS	Immutable type/signature qualifiers exact literals and conversion rules exist	lyra-compiler/src/test/java/TypeIdentityTest.java#testExactLiteralTyping;lyra-compiler/src/test/java/TypeCheckerTest.java#testValidatorEnforcesCallAndAccessShapeMatrix;lyra-compiler/src/test/java/io/mindspice/lyra/compiler/backend/jvm/JvmAbiMapperTest.java#arraysTuplesAndFunctionsUseConcreteGeneratedReferences	types
P24-TGT-015	.internal-dev/plans/20260830-194512-implement-the-complete-lyra-language-jvm-backend-runtime/plan.md#Targets	ir	PASS	Closed typed IR represents conversions checks order captures aggregates modules and schedules	tools/phase24-release-audit.sh	ir
P24-TGT-016	.internal-dev/plans/20260830-194512-implement-the-complete-lyra-language-jvm-backend-runtime/plan.md#Targets	jvm	PASS	Class-File API emission ABI mapping deterministic generated types and debug attributes exist	lyra-compiler/src/test/java/ClassFileApiSpikeTest.java#testLoadsInvokesAndPassesExternalVerification;lyra-compiler/src/test/java/io/mindspice/lyra/compiler/backend/jvm/Phase15SmokeTest.java#verifiesAndInvokesTheCompleteArtifactInAnExternalJvm;lyra-compiler/src/test/java/io/mindspice/lyra/compiler/backend/jvm/Phase23StructuralBytecodeTest.java#directSelfTailCallHasNoGeneratedRecursiveInvokeAndKeepsConstantStack	jvm
P24-TGT-017	.internal-dev/plans/20260830-194512-implement-the-complete-lyra-language-jvm-backend-runtime/plan.md#Targets	runtime	PASS	Runtime values failures metadata lifecycle threading loading and authenticated closures exist	lyra-runtime/src/test/java/io/mindspice/lyra/runtime/RuntimeFoundationTest.java#optionsOwnNoStreamsAndLifecycleChecksOrderAndInvalidation;lyra-compiler/src/test/java/io/mindspice/lyra/compiler/api/Phase22ConformanceTest.java#handlesAndClosuresAreOwnerConfinedAndInvalidatedAfterClose	runtime
P24-TGT-018	.internal-dev/plans/20260830-194512-implement-the-complete-lyra-language-jvm-backend-runtime/plan.md#Targets	artifact	PASS	Canonical metadata source maps deterministic output thin/bundled packaging and atomic writing exist	lyra-compiler/src/test/java/io/mindspice/lyra/compiler/artifact/Phase18ArtifactTest.java#metadataIsCanonicalEscapedOrderedAndReadable;lyra-compiler/src/test/java/io/mindspice/lyra/compiler/backend/jvm/Phase18SmokeTest.java#thinJarIsStoredReproducibleAndUsesEpochEntries	artifact
P24-TGT-019	.internal-dev/plans/20260830-194512-implement-the-complete-lyra-language-jvm-backend-runtime/plan.md#Targets	api	PASS	Public compile request/result/artifact resolver and runtime API records/results/builders exist	lyra-compiler/src/test/java/io/mindspice/lyra/compiler/backend/jvm/Phase17SmokeTest.java#generatedFacadeCompilesAsAnOrdinaryJavaConsumer;lyra-compiler/src/test/java/io/mindspice/lyra/compiler/api/Phase19PublicApiTest.java#compilerPublishesImmutableArtifactAndExactBoundHandle;lyra-compiler/src/test/java/io/mindspice/lyra/compiler/api/Phase22ConformanceTest.java#generatedFacadeExposesExactJavaTypesAndCompilesAsAConsumer	api
P24-TGT-020	.internal-dev/plans/20260830-194512-implement-the-complete-lyra-language-jvm-backend-runtime/plan.md#Targets	cli	PASS	Fixed CLI parser implements run compile help version defaults and exit policy	lyra-cli/src/test/java/io/mindspice/lyra/cli/Phase21CliTest.java#helpVersionAndUsageAreStable;lyra-cli/src/test/java/io/mindspice/lyra/cli/Phase22CliConformanceTest.java#runMapsRuntimeFailuresAndDeferredSyntaxToSourceFailures;tools/phase24-release-audit.sh	cli
P24-TGT-021	.internal-dev/plans/20260830-194512-implement-the-complete-lyra-language-jvm-backend-runtime/plan.md#Targets	distribution	PASS	Unix and Windows launchers are shipped with deterministic forwarding	lyra-cli/src/test/java/io/mindspice/lyra/cli/Phase21CliTest.java#helpVersionAndUsageAreStable;lyra-cli/src/test/java/io/mindspice/lyra/cli/Phase22CliConformanceTest.java#runMapsRuntimeFailuresAndDeferredSyntaxToSourceFailures;tools/phase24-release-audit.sh	cli
P24-TGT-022	.internal-dev/plans/20260830-194512-implement-the-complete-lyra-language-jvm-backend-runtime/plan.md#Targets	validation	PASS	The four modules contain focused assertion-based unit integration subprocess and benchmark evidence	pom.xml;tools/phase24-release-audit.sh	tests
P24-CON-001	.internal-dev/plans/20260830-194512-implement-the-complete-lyra-language-jvm-backend-runtime/plan.md#Constraints	contract	PASS	Living language-core and backend-runtime specifications are treated as the governing contract	.internal-dev/specifications/language-core.md;.internal-dev/specifications/backend-runtime.md;.internal-dev/specifications/deferred-features.md;lyra-compiler/src/main/resources/grammar_spec.md;tools/phase23-gates.json	contracts
P24-CON-002	.internal-dev/plans/20260830-194512-implement-the-complete-lyra-language-jvm-backend-runtime/plan.md#Constraints	frontend	PASS	Grammar/replay is strengthened without replacing the selected two-phase boundary	lyra-compiler/src/test/java/GrammarMatcherTest.java#testRangesAndNestedInvariantsAreExecutable;lyra-compiler/src/test/java/ParserTest.java#testReplayIsDeterministicDeeplyImmutableAndInvariantChecked	grammar
P24-CON-003	.internal-dev/plans/20260830-194512-implement-the-complete-lyra-language-jvm-backend-runtime/plan.md#Constraints	scope	PASS	No LSP is implemented while parser phase boundaries remain available for later use	tools/phase24-release-audit.sh;lyra-compiler/src/main/resources/grammar_spec.md	scope
P24-CON-004	.internal-dev/plans/20260830-194512-implement-the-complete-lyra-language-jvm-backend-runtime/plan.md#Constraints	build	PASS	Exactly runtime compiler REPL and CLI classpath modules exist with no module-info.java	pom.xml;lyra-runtime/pom.xml;lyra-compiler/pom.xml;lyra-cli/pom.xml	layout
P24-CON-005	.internal-dev/plans/20260830-194512-implement-the-complete-lyra-language-jvm-backend-runtime/plan.md#Constraints	migration	PASS	Normative io.mindspice.lyra packages are used without prototype parse/lang/util adapters	tools/phase24-release-audit.sh	legacy
P24-CON-006	.internal-dev/plans/20260830-194512-implement-the-complete-lyra-language-jvm-backend-runtime/plan.md#Constraints	versions	PASS	Language contract 1 runtime ABI 1.0 artifact/debug schema 1 and Java 25 target are centralized	.internal-dev/specifications/language-core.md;.internal-dev/specifications/backend-runtime.md;.internal-dev/specifications/deferred-features.md;lyra-compiler/src/main/resources/grammar_spec.md;tools/phase23-gates.json	contracts
P24-CON-007	.internal-dev/plans/20260830-194512-implement-the-complete-lyra-language-jvm-backend-runtime/plan.md#Constraints	artifacts	PASS	Canonical JSON ordering escaping sorting and UTF-8 are explicit rather than incidental	lyra-compiler/src/test/java/io/mindspice/lyra/compiler/artifact/Phase18ArtifactTest.java#metadataIsCanonicalEscapedOrderedAndReadable;lyra-compiler/src/test/java/io/mindspice/lyra/compiler/backend/jvm/Phase18SmokeTest.java#thinJarIsStoredReproducibleAndUsesEpochEntries	artifact
P24-CON-008	.internal-dev/plans/20260830-194512-implement-the-complete-lyra-language-jvm-backend-runtime/plan.md#Constraints	api	PASS	Immutable records/sealed results and builders only for complex options are used at public boundaries	lyra-compiler/src/test/java/io/mindspice/lyra/compiler/backend/jvm/Phase17SmokeTest.java#generatedFacadeCompilesAsAnOrdinaryJavaConsumer;lyra-compiler/src/test/java/io/mindspice/lyra/compiler/api/Phase19PublicApiTest.java#compilerPublishesImmutableArtifactAndExactBoundHandle;lyra-compiler/src/test/java/io/mindspice/lyra/compiler/api/Phase22ConformanceTest.java#generatedFacadeExposesExactJavaTypesAndCompilesAsAConsumer	api
P24-CON-009	.internal-dev/plans/20260830-194512-implement-the-complete-lyra-language-jvm-backend-runtime/plan.md#Constraints	failures	PASS	Expected source/configuration/resolution errors are result data and invariant failures use the defined boundary	lyra-compiler/src/test/java/io/mindspice/lyra/compiler/api/Phase22ConformanceTest.java#runtimeFailureMatrixIncludesFramesAndInitializationCause;lyra-cli/src/test/java/io/mindspice/lyra/cli/Phase22CliConformanceTest.java#runMapsRuntimeFailuresAndDeferredSyntaxToSourceFailures	diagnostics
P24-CON-010	.internal-dev/plans/20260830-194512-implement-the-complete-lyra-language-jvm-backend-runtime/plan.md#Constraints	semantics	PASS	Strict eager left-to-right behavior is preserved independently of JVM lowering	lyra-compiler/src/test/java/ClassFileApiSpikeTest.java#testLoadsInvokesAndPassesExternalVerification;lyra-compiler/src/test/java/io/mindspice/lyra/compiler/backend/jvm/Phase15SmokeTest.java#verifiesAndInvokesTheCompleteArtifactInAnExternalJvm;lyra-compiler/src/test/java/io/mindspice/lyra/compiler/backend/jvm/Phase23StructuralBytecodeTest.java#directSelfTailCallHasNoGeneratedRecursiveInvokeAndKeepsConstantStack	jvm
P24-CON-011	.internal-dev/plans/20260830-194512-implement-the-complete-lyra-language-jvm-backend-runtime/plan.md#Constraints	completeness	PASS	No AST/semantic/IR placeholder TODO skipped visitor or fake substitutes normative behavior	tools/phase24-release-audit.sh;lyra-compiler/src/main/resources/grammar_spec.md	scope
P24-CON-012	.internal-dev/plans/20260830-194512-implement-the-complete-lyra-language-jvm-backend-runtime/plan.md#Constraints	deferred	PASS	Interop engine Vulkan sandbox reload caches extra backends and other deferred capabilities remain absent	tools/phase24-release-audit.sh;lyra-compiler/src/main/resources/grammar_spec.md	deferred
P24-CON-013	.internal-dev/plans/20260830-194512-implement-the-complete-lyra-language-jvm-backend-runtime/plan.md#Constraints	spike	PASS	The bounded Class-File API spike is test-only and does not create a second production execution path	lyra-compiler/src/test/java/ClassFileApiSpikeTest.java#testLoadsInvokesAndPassesExternalVerification;lyra-compiler/src/test/java/io/mindspice/lyra/compiler/backend/jvm/Phase15SmokeTest.java#verifiesAndInvokesTheCompleteArtifactInAnExternalJvm;lyra-compiler/src/test/java/io/mindspice/lyra/compiler/backend/jvm/Phase23StructuralBytecodeTest.java#directSelfTailCallHasNoGeneratedRecursiveInvokeAndKeepsConstantStack	jvm
P24-CON-014	.internal-dev/plans/20260830-194512-implement-the-complete-lyra-language-jvm-backend-runtime/plan.md#Constraints	workspace	PASS	The audit does not alter unrelated dirty deleted or untracked workspace state	tools/phase24-release-audit.sh	workspace
P24-CON-015	.internal-dev/plans/20260830-194512-implement-the-complete-lyra-language-jvm-backend-runtime/plan.md#Constraints	performance	PASS	Numerical thresholds are owner-ratified from recorded evidence rather than invented by this audit	tools/phase23-evidence.sh;tools/phase23-gates.json;tools/phase23_gate.py	phase23
P24-LANG-VAL-001	.internal-dev/specifications/language-core.md#Validation	lexer	PASS	Accepted/rejected lexical spelling comments commas mandatory annotation spacing and spans are asserted	lyra-compiler/src/test/java/LexerTest.java#testLiteralsAndUtf16Rules;lyra-compiler/src/test/java/SourceFoundationTest.java#testDiagnosticsCarryDataAndRenderLocations;lyra-compiler/src/test/java/ParserTest.java#testParserBuildsCompleteImmutableTree	frontend
P24-LANG-VAL-002	.internal-dev/specifications/language-core.md#Validation	literals	PASS	Every literal family and exact numeric boundary behavior has assertions	lyra-compiler/src/test/java/LexerTest.java#testLiteralsAndUtf16Rules;lyra-compiler/src/test/java/SourceFoundationTest.java#testDiagnosticsCarryDataAndRenderLocations;lyra-compiler/src/test/java/ParserTest.java#testParserBuildsCompleteImmutableTree	frontend
P24-LANG-VAL-003	.internal-dev/specifications/language-core.md#Validation	modifiers	PASS	Modifier legality and mutation authorization have assertions	lyra-compiler/src/test/java/SemanticResolverTest.java#testMutationAuthorizationAndImportedOwnership;lyra-compiler/src/test/java/TypeCheckerTest.java#testScalarsDeclarationsOperatorsAndCalls;lyra-compiler/src/test/java/Domain11FlowStateTest.java#shortCircuitOperatorsRetainTheSkippedCallableEffectPath	semantic
P24-LANG-VAL-004	.internal-dev/specifications/language-core.md#Validation	resolution	PASS	Replacement capture recursion and eager-cycle behavior have assertions	lyra-compiler/src/test/java/ModuleGraphDiscoveryTest.java#testReachableHeaderImportsAndCyclesBecomeGraphEdges;lyra-compiler/src/test/java/SemanticResolverTest.java#testImportsAliasesSelectionsReexportsAndVisibility;lyra-compiler/src/test/java/io/mindspice/lyra/compiler/api/Phase22ConformanceTest.java#pathGraphCompilesDependencyFirstAndKeepsInstancesIndependent	module
P24-LANG-VAL-005	.internal-dev/specifications/language-core.md#Validation	functions	PASS	Lambda typing exact arity call forms and accessor distinctions have assertions	lyra-compiler/src/test/java/SemanticResolverTest.java#testMutationAuthorizationAndImportedOwnership;lyra-compiler/src/test/java/TypeCheckerTest.java#testScalarsDeclarationsOperatorsAndCalls;lyra-compiler/src/test/java/Domain11FlowStateTest.java#shortCircuitOperatorsRetainTheSkippedCallableEffectPath	semantic
P24-LANG-VAL-006	.internal-dev/specifications/language-core.md#Validation	evaluation	PASS	Left-to-right effects and every short-circuit path have assertions	lyra-compiler/src/test/java/ClassFileApiSpikeTest.java#testLoadsInvokesAndPassesExternalVerification;lyra-compiler/src/test/java/io/mindspice/lyra/compiler/backend/jvm/Phase15SmokeTest.java#verifiesAndInvokesTheCompleteArtifactInAnExternalJvm;lyra-compiler/src/test/java/io/mindspice/lyra/compiler/backend/jvm/Phase23StructuralBytecodeTest.java#directSelfTailCallHasNoGeneratedRecursiveInvokeAndKeepsConstantStack	jvm
P24-LANG-VAL-007	.internal-dev/specifications/language-core.md#Validation	conditionals	PASS	Truthiness predicate binding then-only Unit and nil coalescing have assertions	lyra-compiler/src/test/java/SemanticResolverTest.java#testMutationAuthorizationAndImportedOwnership;lyra-compiler/src/test/java/TypeCheckerTest.java#testScalarsDeclarationsOperatorsAndCalls;lyra-compiler/src/test/java/Domain11FlowStateTest.java#shortCircuitOperatorsRetainTheSkippedCallableEffectPath	semantic
P24-LANG-VAL-008	.internal-dev/specifications/language-core.md#Validation	operators	PASS	Operator arity equality identity checked/trapping arithmetic and conversion edges have assertions	lyra-compiler/src/test/java/ClassFileApiSpikeTest.java#testLoadsInvokesAndPassesExternalVerification;lyra-compiler/src/test/java/io/mindspice/lyra/compiler/backend/jvm/Phase15SmokeTest.java#verifiesAndInvokesTheCompleteArtifactInAnExternalJvm;lyra-compiler/src/test/java/io/mindspice/lyra/compiler/backend/jvm/Phase23StructuralBytecodeTest.java#directSelfTailCallHasNoGeneratedRecursiveInvokeAndKeepsConstantStack	jvm
P24-LANG-VAL-009	.internal-dev/specifications/language-core.md#Validation	aggregates	PASS	Array/tuple construction access mutation aliases equality length and bounds have assertions	lyra-compiler/src/test/java/ClassFileApiSpikeTest.java#testLoadsInvokesAndPassesExternalVerification;lyra-compiler/src/test/java/io/mindspice/lyra/compiler/backend/jvm/Phase15SmokeTest.java#verifiesAndInvokesTheCompleteArtifactInAnExternalJvm;lyra-compiler/src/test/java/io/mindspice/lyra/compiler/backend/jvm/Phase23StructuralBytecodeTest.java#directSelfTailCallHasNoGeneratedRecursiveInvokeAndKeepsConstantStack	jvm
P24-LANG-VAL-010	.internal-dev/specifications/language-core.md#Validation	strings	PASS	Explicit scalar conversion and UTF-16 string length/indexing have assertions	lyra-compiler/src/test/java/ClassFileApiSpikeTest.java#testLoadsInvokesAndPassesExternalVerification;lyra-compiler/src/test/java/io/mindspice/lyra/compiler/backend/jvm/Phase15SmokeTest.java#verifiesAndInvokesTheCompleteArtifactInAnExternalJvm;lyra-compiler/src/test/java/io/mindspice/lyra/compiler/backend/jvm/Phase23StructuralBytecodeTest.java#directSelfTailCallHasNoGeneratedRecursiveInvokeAndKeepsConstantStack	jvm
P24-LANG-VAL-011	.internal-dev/specifications/language-core.md#Validation	modules	PASS	Imports aliases re-exports visibility and legal/illegal cycles have assertions	lyra-compiler/src/test/java/ModuleGraphDiscoveryTest.java#testReachableHeaderImportsAndCyclesBecomeGraphEdges;lyra-compiler/src/test/java/SemanticResolverTest.java#testImportsAliasesSelectionsReexportsAndVisibility;lyra-compiler/src/test/java/io/mindspice/lyra/compiler/api/Phase22ConformanceTest.java#pathGraphCompilesDependencyFirstAndKeepsInstancesIndependent	module
P24-LANG-VAL-012	.internal-dev/specifications/language-core.md#Validation	diagnostics	PASS	Structured compile diagnostics and invocation-aborting failures have assertions	lyra-compiler/src/test/java/io/mindspice/lyra/compiler/api/Phase22ConformanceTest.java#runtimeFailureMatrixIncludesFramesAndInitializationCause;lyra-cli/src/test/java/io/mindspice/lyra/cli/Phase22CliConformanceTest.java#runMapsRuntimeFailuresAndDeferredSyntaxToSourceFailures	diagnostics
P24-LANG-VAL-013	.internal-dev/specifications/language-core.md#Validation	completeness	PASS	Every language-core validation bullet is mapped to method-level assertion evidence	tools/phase24-conformance-coverage.tsv#P24-COV-LANG-001;tools/phase24-conformance-coverage.tsv#P24-COV-LANG-002;tools/phase24-conformance-coverage.tsv#P24-COV-LANG-003;tools/phase24-conformance-coverage.tsv#P24-COV-LANG-004;tools/phase24-conformance-coverage.tsv#P24-COV-LANG-005;tools/phase24-conformance-coverage.tsv#P24-COV-LANG-006;tools/phase24-conformance-coverage.tsv#P24-COV-LANG-007;tools/phase24-conformance-coverage.tsv#P24-COV-LANG-008;tools/phase24-conformance-coverage.tsv#P24-COV-LANG-009;tools/phase24-conformance-coverage.tsv#P24-COV-LANG-010;tools/phase24-conformance-coverage.tsv#P24-COV-LANG-011;tools/phase24-conformance-coverage.tsv#P24-COV-LANG-012	coverage
P24-BACK-VAL-001	.internal-dev/specifications/backend-runtime.md#Validation	completeness	PASS	Every normative source feature reaches typed IR/bytecode or its specified diagnostic	tools/phase24-conformance-coverage.tsv#P24-COV-BACK-001	coverage
P24-BACK-VAL-002	.internal-dev/specifications/backend-runtime.md#Validation	identity	PASS	Stable identities and byte-identical repeated output are proven	lyra-compiler/src/test/java/TypeIdentityTest.java#testCompilationIdsAreDeterministicAndImmutable;lyra-compiler/src/test/java/ModuleGraphDiscoveryTest.java#testOrderingAndRevisionsIgnorePhysicalPaths;lyra-compiler/src/test/java/io/mindspice/lyra/compiler/backend/jvm/GeneratedTypePlannerTest.java#repeatedPlanningAndIndependentOrderingAreDeterministic	identity
P24-BACK-VAL-003	.internal-dev/specifications/backend-runtime.md#Validation	modules	PASS	Resolution eager order legal function cycles and rejected value cycles are proven	lyra-compiler/src/test/java/ModuleGraphDiscoveryTest.java#testReachableHeaderImportsAndCyclesBecomeGraphEdges;lyra-compiler/src/test/java/SemanticResolverTest.java#testImportsAliasesSelectionsReexportsAndVisibility;lyra-compiler/src/test/java/io/mindspice/lyra/compiler/api/Phase22ConformanceTest.java#pathGraphCompilesDependencyFirstAndKeepsInstancesIndependent	module
P24-BACK-VAL-004	.internal-dev/specifications/backend-runtime.md#Validation	verification	PASS	Classes thin JARs and bundled JARs verify and load under the target JVM	lyra-compiler/src/test/java/io/mindspice/lyra/compiler/api/Phase22ConformanceTest.java#classesThinAndBundledArtifactsAreDeterministicAndExternallyVerifiable;tools/phase24-release-audit.sh	packaging
P24-BACK-VAL-005	.internal-dev/specifications/backend-runtime.md#Validation	abi	PASS	Exact descriptors signatures unsigned/nilable/Unit positions and aggregate ABI are proven	tools/phase24-release-audit.sh	abi
P24-BACK-VAL-006	.internal-dev/specifications/backend-runtime.md#Validation	closures	PASS	Captures cells self-tail calls recursion failures and source frames are proven	lyra-compiler/src/test/java/ClassFileApiSpikeTest.java#testLoadsInvokesAndPassesExternalVerification;lyra-compiler/src/test/java/io/mindspice/lyra/compiler/backend/jvm/Phase15SmokeTest.java#verifiesAndInvokesTheCompleteArtifactInAnExternalJvm;lyra-compiler/src/test/java/io/mindspice/lyra/compiler/backend/jvm/Phase23StructuralBytecodeTest.java#directSelfTailCallHasNoGeneratedRecursiveInvokeAndKeepsConstantStack	jvm
P24-BACK-VAL-007	.internal-dev/specifications/backend-runtime.md#Validation	cli	PASS	CLI run/compile exact main argument forwarding exit values and diagnostics are proven	lyra-cli/src/test/java/io/mindspice/lyra/cli/Phase21CliTest.java#helpVersionAndUsageAreStable;lyra-cli/src/test/java/io/mindspice/lyra/cli/Phase22CliConformanceTest.java#runMapsRuntimeFailuresAndDeferredSyntaxToSourceFailures;tools/phase24-release-audit.sh	cli
P24-BACK-VAL-008	.internal-dev/specifications/backend-runtime.md#Validation	java-consumer	PASS	Direct Java facade compilation typed calls setters function values and runtime exact handles are proven	lyra-compiler/src/test/java/io/mindspice/lyra/compiler/backend/jvm/Phase17SmokeTest.java#generatedFacadeCompilesAsAnOrdinaryJavaConsumer;lyra-compiler/src/test/java/io/mindspice/lyra/compiler/api/Phase19PublicApiTest.java#compilerPublishesImmutableArtifactAndExactBoundHandle;lyra-compiler/src/test/java/io/mindspice/lyra/compiler/api/Phase22ConformanceTest.java#generatedFacadeExposesExactJavaTypesAndCompilesAsAConsumer	api
P24-BACK-VAL-009	.internal-dev/specifications/backend-runtime.md#Validation	lifecycle	PASS	Instance isolation owner checks close ordering invalidation and post-close failures are proven	lyra-runtime/src/test/java/io/mindspice/lyra/runtime/RuntimeFoundationTest.java#optionsOwnNoStreamsAndLifecycleChecksOrderAndInvalidation;lyra-compiler/src/test/java/io/mindspice/lyra/compiler/api/Phase22ConformanceTest.java#handlesAndClosuresAreOwnerConfinedAndInvalidatedAfterClose	runtime
P24-BACK-VAL-010	.internal-dev/specifications/backend-runtime.md#Validation	failures	PASS	LYR categories frames synthetic handling stack translation and link/verify boundaries are proven	lyra-compiler/src/test/java/io/mindspice/lyra/compiler/api/Phase22ConformanceTest.java#runtimeFailureMatrixIncludesFramesAndInitializationCause;lyra-cli/src/test/java/io/mindspice/lyra/cli/Phase22CliConformanceTest.java#runMapsRuntimeFailuresAndDeferredSyntaxToSourceFailures	diagnostics
P24-BACK-VAL-011	.internal-dev/specifications/backend-runtime.md#Validation	artifacts	PASS	Canonical JSON/JAR manifests atomic publication compatibility and reproducibility are proven	lyra-compiler/src/test/java/io/mindspice/lyra/compiler/artifact/Phase18ArtifactTest.java#metadataIsCanonicalEscapedOrderedAndReadable;lyra-compiler/src/test/java/io/mindspice/lyra/compiler/backend/jvm/Phase18SmokeTest.java#thinJarIsStoredReproducibleAndUsesEpochEntries	artifact
P24-BACK-VAL-012	.internal-dev/specifications/backend-runtime.md#Validation	io	PASS	std->io ordering EOF failures conversion and length behavior are proven	lyra-compiler/src/test/java/io/mindspice/lyra/compiler/api/Phase20IoTest.java#outputUsesConfiguredCharsetOneWritePerCallAndFlushes;lyra-compiler/src/test/java/io/mindspice/lyra/compiler/api/Phase20IoTest.java#readLineDecodesUtf8StripsOnlyCrLfAndUsesNilOnlyAtCleanEof	io
P24-BACK-VAL-013	.internal-dev/specifications/backend-runtime.md#Validation	performance	PASS	JMH evidence is recorded against direct Java with GC allocation and owner gates	tools/phase23-evidence.sh;tools/phase23-gates.json;tools/phase23_gate.py	phase23
P24-BACK-VAL-014	.internal-dev/specifications/backend-runtime.md#Validation	completeness	PASS	Clean-build subprocess and complete requirement matrix prove release completion	tools/phase24-conformance-coverage.tsv#P24-COV-BACK-001;tools/phase24-conformance-coverage.tsv#P24-COV-BACK-002;tools/phase24-conformance-coverage.tsv#P24-COV-BACK-003;tools/phase24-conformance-coverage.tsv#P24-COV-BACK-004;tools/phase24-conformance-coverage.tsv#P24-COV-BACK-005;tools/phase24-conformance-coverage.tsv#P24-COV-BACK-006;tools/phase24-conformance-coverage.tsv#P24-COV-BACK-007;tools/phase24-conformance-coverage.tsv#P24-COV-BACK-008;tools/phase24-conformance-coverage.tsv#P24-COV-BACK-009;tools/phase24-conformance-coverage.tsv#P24-COV-BACK-010;tools/phase24-conformance-coverage.tsv#P24-COV-BACK-011;tools/phase24-conformance-coverage.tsv#P24-COV-BACK-012;tools/phase24-conformance-coverage.tsv#P24-COV-BACK-013	coverage
P24-DEF-001	.internal-dev/specifications/deferred-features.md#Deferred-Features	data-types	DEFERRED	User classes records variants fields inheritance construction and user member types are outside current scope	tools/phase24-release-audit.sh;lyra-compiler/src/main/resources/grammar_spec.md	deferred
P24-DEF-002	.internal-dev/specifications/deferred-features.md#Deferred-Features	match-iter	DEFERRED	Dedicated Match Iter loops ranges iterators patterns and exhaustiveness are outside current scope	tools/phase24-release-audit.sh;lyra-compiler/src/main/resources/grammar_spec.md	deferred
P24-DEF-003	.internal-dev/specifications/deferred-features.md#Deferred-Features	generics-macros	DEFERRED	User generics macros quoting hygiene and compile-time metaprogramming are outside current scope	tools/phase24-release-audit.sh;lyra-compiler/src/main/resources/grammar_spec.md	deferred
P24-DEF-004	.internal-dev/specifications/deferred-features.md#Deferred-Features	bitwise	DEFERRED	Bitwise and shift operations are outside current scope	tools/phase24-release-audit.sh;lyra-compiler/src/main/resources/grammar_spec.md	deferred
P24-DEF-005	.internal-dev/specifications/deferred-features.md#Deferred-Features	exceptions	DEFERRED	Lyra throw try catch finally and multi-error recovery are outside current scope	tools/phase24-release-audit.sh;lyra-compiler/src/main/resources/grammar_spec.md	deferred
P24-DEF-006	.internal-dev/specifications/deferred-features.md#Deferred-Features	dynamic	DEFERRED	Any dynamic lookup default/named/omitted/vararg arguments currying and partial application are outside current scope	tools/phase24-release-audit.sh;lyra-compiler/src/main/resources/grammar_spec.md	deferred
P24-DEF-007	.internal-dev/specifications/deferred-features.md#Deferred-Features	editions	DEFERRED	Source edition directives and selectable simultaneous language editions are outside current scope	tools/phase24-release-audit.sh;lyra-compiler/src/main/resources/grammar_spec.md	deferred
P24-DEF-008	.internal-dev/specifications/deferred-features.md#Deferred-Features	interop	DEFERRED	Java/engine calls callbacks Vulkan sandbox reload caches extra backends and broader libraries are outside current scope	tools/phase24-release-audit.sh;lyra-compiler/src/main/resources/grammar_spec.md	deferred
P24-DEF-009	.internal-dev/specifications/deferred-features.md#Deferred-Features	repl-security	DEFERRED	REPL authentication credential files encryption authorization hostile-client isolation anti-forgery guarantees and security-specific filesystem policy are deferred; the attachment is an explicitly enabled trusted loopback-only development interface with no authentication	tools/phase24-release-audit.sh;.internal-dev/specifications/repl.md;.internal-dev/specifications/deferred-features.md	deferred
P24-DEF-010	.internal-dev/specifications/deferred-features.md#Deferred-Features	repl-local-roots	DEFERRED	Automatic initialization of a local project root at lyra repl ROOT is deferred; local startup is an empty scratch workspace with source search directories and explicit imports/loads while explicit REPL-capable application-root registration remains a current attachment feature	tools/phase24-release-audit.sh;.internal-dev/specifications/repl.md;.internal-dev/specifications/deferred-features.md	deferred
P24-AUD-001	tools/phase24-release-audit.sh#release-audit-checks	build	PASS	A fresh clean Maven reactor build and verification pass	tools/phase24-release-audit.sh	build
P24-AUD-002	tools/phase24-release-audit.sh#release-audit-checks	tests	PASS	All discovered test reports are non-skipped and pass	pom.xml;tools/phase24-release-audit.sh	tests
P24-AUD-003	tools/phase24-release-audit.sh#release-audit-checks	dependencies	PASS	Dependency tree and dependency analysis complete with no production boundary violation	pom.xml;lyra-runtime/pom.xml;lyra-compiler/pom.xml;lyra-cli/pom.xml	dependencies
P24-AUD-004	tools/phase24-release-audit.sh#release-audit-checks	jdeps	PASS	Packaged artifacts have no unresolved non-JDK dependencies when checked with their declared runtime classpath	tools/phase24-release-audit.sh	jdeps
P24-AUD-005	tools/phase24-release-audit.sh#release-audit-checks	determinism	PASS	Repeated classes thin and bundled outputs are byte-identical and runnable	tools/phase24-release-audit.sh	determinism
P24-AUD-006	tools/phase24-release-audit.sh#release-audit-checks	packaging	PASS	Bundled java -jar and thin external-runtime execution satisfy the exact main contract	lyra-compiler/src/test/java/io/mindspice/lyra/compiler/api/Phase22ConformanceTest.java#classesThinAndBundledArtifactsAreDeterministicAndExternallyVerifiable;tools/phase24-release-audit.sh	packaging
P24-AUD-007	tools/phase24-release-audit.sh#release-audit-checks	performance	PASS	Fresh Phase 23 gate reproduces structural and owner-ratified empirical evidence	tools/phase23-evidence.sh;tools/phase23-gates.json;tools/phase23_gate.py	phase23
P24-AUD-008	tools/phase24-release-audit.sh#release-audit-checks	documentation	PASS	Final release-facing authoritative documentation/changelog is present and synchronized	tools/phase24-release-audit.sh	docs
P24-AUD-009	tools/phase24-release-audit.sh#release-audit-checks	completeness	PASS	The final matrix has a passing row for every non-deferred plan/spec requirement	tools/phase24-conformance-coverage.tsv#P24-COV-LANG-001;tools/phase24-conformance-coverage.tsv#P24-COV-LANG-002;tools/phase24-conformance-coverage.tsv#P24-COV-LANG-003;tools/phase24-conformance-coverage.tsv#P24-COV-LANG-004;tools/phase24-conformance-coverage.tsv#P24-COV-LANG-005;tools/phase24-conformance-coverage.tsv#P24-COV-LANG-006;tools/phase24-conformance-coverage.tsv#P24-COV-LANG-007;tools/phase24-conformance-coverage.tsv#P24-COV-LANG-008;tools/phase24-conformance-coverage.tsv#P24-COV-LANG-009;tools/phase24-conformance-coverage.tsv#P24-COV-LANG-010;tools/phase24-conformance-coverage.tsv#P24-COV-LANG-011;tools/phase24-conformance-coverage.tsv#P24-COV-LANG-012;tools/phase24-conformance-coverage.tsv#P24-COV-BACK-001;tools/phase24-conformance-coverage.tsv#P24-COV-BACK-002;tools/phase24-conformance-coverage.tsv#P24-COV-BACK-003;tools/phase24-conformance-coverage.tsv#P24-COV-BACK-004;tools/phase24-conformance-coverage.tsv#P24-COV-BACK-005;tools/phase24-conformance-coverage.tsv#P24-COV-BACK-006;tools/phase24-conformance-coverage.tsv#P24-COV-BACK-007;tools/phase24-conformance-coverage.tsv#P24-COV-BACK-008;tools/phase24-conformance-coverage.tsv#P24-COV-BACK-009;tools/phase24-conformance-coverage.tsv#P24-COV-BACK-010;tools/phase24-conformance-coverage.tsv#P24-COV-BACK-011;tools/phase24-conformance-coverage.tsv#P24-COV-BACK-012;tools/phase24-conformance-coverage.tsv#P24-COV-BACK-013;tools/phase24-release-audit.sh	coverage
P24-AUD-010	tools/phase24-release-audit.sh#release-audit-checks	workspace	PASS	The audit leaves unrelated worktree state unchanged	tools/phase24-release-audit.sh	workspace
P24-AUD-011	tools/phase24-release-audit.sh#release-audit-checks	environment	PASS	The audit uses an available Java 25 JDK Maven and Python toolchain	tools/phase24-release-audit.sh;pom.xml	environment
P24-RB-019	.internal-dev/plans/20260830-194512-implement-the-complete-lyra-language-jvm-backend-runtime/plan.md#Required-Behavior	backend	PASS	The specified JVM ABI for signed and unsigned primitives, floating values, Bool, Char, String, Unit, nilable values, arrays, tuples, functions, captures, mutable cells, closures, and recursive initialization is implemented and proven.	tools/phase24-conformance-coverage.tsv#P24-COV-BACK-005;tools/phase24-conformance-coverage.tsv#P24-COV-BACK-006;tools/phase24-conformance-coverage.tsv#P24-COV-BACK-007;tools/phase24-conformance-coverage.tsv#P24-COV-BACK-008;tools/phase24-conformance-coverage.tsv#P24-COV-BACK-009;tools/phase24-conformance-coverage.tsv#P24-COV-BACK-010	abi
P24-RB-020	.internal-dev/plans/20260830-194512-implement-the-complete-lyra-language-jvm-backend-runtime/plan.md#Required-Behavior	validation	PASS	Full language and backend completion is claimed only after every normative requirement and validation obligation passes; intermediate slices and the bounded spike are not completion evidence.	tools/phase24-conformance-coverage.tsv#P24-COV-LANG-001;tools/phase24-conformance-coverage.tsv#P24-COV-LANG-002;tools/phase24-conformance-coverage.tsv#P24-COV-LANG-003;tools/phase24-conformance-coverage.tsv#P24-COV-LANG-004;tools/phase24-conformance-coverage.tsv#P24-COV-LANG-005;tools/phase24-conformance-coverage.tsv#P24-COV-LANG-006;tools/phase24-conformance-coverage.tsv#P24-COV-LANG-007;tools/phase24-conformance-coverage.tsv#P24-COV-LANG-008;tools/phase24-conformance-coverage.tsv#P24-COV-LANG-009;tools/phase24-conformance-coverage.tsv#P24-COV-LANG-010;tools/phase24-conformance-coverage.tsv#P24-COV-LANG-011;tools/phase24-conformance-coverage.tsv#P24-COV-LANG-012;tools/phase24-conformance-coverage.tsv#P24-COV-BACK-001;tools/phase24-conformance-coverage.tsv#P24-COV-BACK-002;tools/phase24-conformance-coverage.tsv#P24-COV-BACK-003;tools/phase24-conformance-coverage.tsv#P24-COV-BACK-004;tools/phase24-conformance-coverage.tsv#P24-COV-BACK-005;tools/phase24-conformance-coverage.tsv#P24-COV-BACK-006;tools/phase24-conformance-coverage.tsv#P24-COV-BACK-007;tools/phase24-conformance-coverage.tsv#P24-COV-BACK-008;tools/phase24-conformance-coverage.tsv#P24-COV-BACK-009;tools/phase24-conformance-coverage.tsv#P24-COV-BACK-010;tools/phase24-conformance-coverage.tsv#P24-COV-BACK-011;tools/phase24-conformance-coverage.tsv#P24-COV-BACK-012;tools/phase24-conformance-coverage.tsv#P24-COV-BACK-013;tools/phase24-release-audit.sh	coverage
P24-CON-016	.internal-dev/plans/20260830-194512-implement-the-complete-lyra-language-jvm-backend-runtime/plan.md#Constraints	cli	PASS	A small internal CLI parser and Unix/Windows launchers are used without Picocli or another CLI framework.	lyra-cli/src/test/java/io/mindspice/lyra/cli/Phase21CliTest.java#helpVersionAndUsageAreStable;tools/phase24-release-audit.sh	cli
P24-CON-017	.internal-dev/plans/20260830-194512-implement-the-complete-lyra-language-jvm-backend-runtime/plan.md#Constraints	validation	PASS	Structural assertions are the default, with reviewed goldens limited to canonical metadata, rendered diagnostics, debug maps, and selected class disassembly.	lyra-compiler/src/test/java/io/mindspice/lyra/compiler/backend/jvm/Phase23StructuralBytecodeTest.java#directSelfTailCallHasNoGeneratedRecursiveInvokeAndKeepsConstantStack;tools/phase24-conformance-coverage.tsv#P24-COV-LANG-001	coverage
P24-AUD-012	tools/phase24-release-audit.sh#release-audit-checks	environment	PASS	Native Windows launcher execution is reported as N/A when no native Windows environment is available, and is never represented as a false PASS.	tools/phase24-release-audit.sh;lyra-cli/src/main/scripts/lyra.bat	windows
P24-AUD-013	tools/phase24-release-audit.sh#release-audit-checks	dependencies	PASS	Published runtime, compiler, thin-CLI, and bundled-CLI artifacts contain no JMH or benchmark implementation classes.	tools/phase24-release-audit.sh;pom.xml	products
P24-PLAN-VAL-001	.internal-dev/plans/20260830-194512-implement-the-complete-lyra-language-jvm-backend-runtime/plan.md#Validation-Criteria	plan-validation	PASS	Root `mvn clean verify` succeeds for the four-module Java 25 reactor, with unit/integration/JMH profiles configured inside those modules and no prototype source set still compiled.	pom.xml;tools/phase24-release-audit.sh	build
P24-PLAN-VAL-002	.internal-dev/plans/20260830-194512-implement-the-complete-lyra-language-jvm-backend-runtime/plan.md#Validation-Criteria	plan-validation	PASS	Every accepted and rejected lexical spelling in `language-core.md` has assertion-grade coverage, including comments, scoped commas, spacing-sensitive type annotations, exact literal ranges, suffixes, Unicode escapes, malformed input, and complete UTF-16 spans.	tools/phase24-conformance-coverage.tsv#P24-COV-LANG-001;tools/phase24-conformance-coverage.tsv#P24-COV-LANG-002	frontend
P24-PLAN-VAL-003	.internal-dev/plans/20260830-194512-implement-the-complete-lyra-language-jvm-backend-runtime/plan.md#Validation-Criteria	plan-validation	PASS	For every grammar production, tests prove grammar matcher and parser replay consume the same token range; malformed input returns a structured syntax diagnostic rather than indexing exceptions or implementation exceptions.	lyra-compiler/src/test/java/GrammarMatcherTest.java#testRangesAndNestedInvariantsAreExecutable;lyra-compiler/src/test/java/ParserTest.java#testReplayIsDeterministicDeeplyImmutableAndInvariantChecked	grammar
P24-PLAN-VAL-004	.internal-dev/plans/20260830-194512-implement-the-complete-lyra-language-jvm-backend-runtime/plan.md#Validation-Criteria	plan-validation	PASS	The syntax AST, semantic graph, and typed IR are deeply immutable, structurally separate, exhaustively visitable, span-complete, and contain no placeholder/deferred nodes or mutable resolution/type fields.	lyra-compiler/src/test/java/io/mindspice/lyra/compiler/semantic/Domain11SealingTest.java#publicationAttachesImmutableFactsAndNestedCollections;lyra-compiler/src/test/java/io/mindspice/lyra/compiler/ir/TypedIrTest.java#everyClosedIrVariantIsProducedBySupportedSource	sealing
P24-PLAN-VAL-005	.internal-dev/plans/20260830-194512-implement-the-complete-lyra-language-jvm-backend-runtime/plan.md#Validation-Criteria	plan-validation	PASS	Module tests prove physical deduplication, stable root-relative/URI identities, duplicate/missing resolution diagnostics, import aliases/selections/re-exports, visibility, private replacement, public uniqueness, deterministic revisions, legal function cycles, and rejected eager cycles.	lyra-compiler/src/test/java/ModuleGraphDiscoveryTest.java#testReachableHeaderImportsAndCyclesBecomeGraphEdges;lyra-compiler/src/test/java/io/mindspice/lyra/compiler/api/Phase22ConformanceTest.java#pathGraphCompilesDependencyFirstAndKeepsInstancesIndependent	module
P24-PLAN-VAL-006	.internal-dev/plans/20260830-194512-implement-the-complete-lyra-language-jvm-backend-runtime/plan.md#Validation-Criteria	plan-validation	PASS	Resolution tests prove source-order visibility, typed-lambda predeclaration, self/forward/mutual recursion boundaries, capture identity, shared `@mut` cells, mutation authorization, and related-span diagnostics.	tools/phase24-conformance-coverage.tsv#P24-COV-LANG-003;tools/phase24-conformance-coverage.tsv#P24-COV-LANG-004;tools/phase24-conformance-coverage.tsv#P24-COV-LANG-005	semantic
P24-PLAN-VAL-007	.internal-dev/plans/20260830-194512-implement-the-complete-lyra-language-jvm-backend-runtime/plan.md#Validation-Criteria	plan-validation	PASS	Type tests prove every type/qualifier/nilability position, exact contextual literal typing, the complete widening lattice, explicit checked conversions, branch unification, nil narrowing/coalescing, complete lambda contracts, exact arity, invariant composites, and accessor/member legality.	tools/phase24-conformance-coverage.tsv#P24-COV-LANG-002;lyra-compiler/src/test/java/TypeCheckerTest.java#testValidatorEnforcesCallAndAccessShapeMatrix;lyra-compiler/src/test/java/io/mindspice/lyra/compiler/backend/jvm/JvmAbiMapperTest.java#arraysTuplesAndFunctionsUseConcreteGeneratedReferences	types
P24-PLAN-VAL-008	.internal-dev/plans/20260830-194512-implement-the-complete-lyra-language-jvm-backend-runtime/plan.md#Validation-Criteria	plan-validation	PASS	Semantic tests prove strict left-to-right effects, all short-circuit paths, truthiness, predicate binding, then-only Unit, every operator arity and checked/trapping edge, function/array identity, structural equality, aliases, bounds, UTF-16 indexing/length, and deterministic scalar string conversion.	tools/phase24-conformance-coverage.tsv#P24-COV-LANG-006;tools/phase24-conformance-coverage.tsv#P24-COV-LANG-007;tools/phase24-conformance-coverage.tsv#P24-COV-LANG-008	semantic
P24-PLAN-VAL-009	.internal-dev/plans/20260830-194512-implement-the-complete-lyra-language-jvm-backend-runtime/plan.md#Validation-Criteria	plan-validation	PASS	The typed-IR validator rejects any unresolved identity/type, missing span, unrecorded conversion/narrowing, skipped source construct, illegal evaluation ordering, placeholder, or incomplete module schedule before bytecode emission.	lyra-compiler/src/test/java/io/mindspice/lyra/compiler/ir/TypedIrTest.java#everyClosedIrVariantIsProducedBySupportedSource;lyra-compiler/src/test/java/io/mindspice/lyra/compiler/semantic/Domain11SealingTest.java#publicationAttachesImmutableFactsAndNestedCollections	ir
P24-PLAN-VAL-010	.internal-dev/plans/20260830-194512-implement-the-complete-lyra-language-jvm-backend-runtime/plan.md#Validation-Criteria	plan-validation	PASS	The bounded spike and production emitter use the Java 25 Class-File API, emit exact primitive descriptors, pass `java -Xverify:all`, and do not expose an interpreter/source-Java/ASM/MethodHandle-graph execution mode.	lyra-compiler/src/test/java/io/mindspice/lyra/compiler/backend/jvm/Phase15SmokeTest.java#verifiesAndInvokesTheCompleteArtifactInAnExternalJvm;lyra-compiler/src/test/java/io/mindspice/lyra/compiler/backend/jvm/Phase23StructuralBytecodeTest.java#directSelfTailCallHasNoGeneratedRecursiveInvokeAndKeepsConstantStack	jvm
P24-PLAN-VAL-011	.internal-dev/plans/20260830-194512-implement-the-complete-lyra-language-jvm-backend-runtime/plan.md#Validation-Criteria	plan-validation	PASS	ABI tests cover signed/unsigned raw bits and operations, all nilable primitive/reference/Unit positions, wrapper boundaries, primitive/reference arrays, tuple descriptors/classes, function interfaces, closures/cells, and canonical Lyra signatures independent of JVM descriptors.	lyra-compiler/src/test/java/io/mindspice/lyra/compiler/backend/jvm/JvmAbiMapperTest.java#arraysTuplesAndFunctionsUseConcreteGeneratedReferences;lyra-compiler/src/test/java/io/mindspice/lyra/compiler/backend/jvm/Phase17SmokeTest.java#facadeSurfaceIsTypedReservedAndOptionsAware	abi
P24-PLAN-VAL-012	.internal-dev/plans/20260830-194512-implement-the-complete-lyra-language-jvm-backend-runtime/plan.md#Validation-Criteria	plan-validation	PASS	Generated facade consumer fixtures compile as ordinary Java and prove exact typed calls/getters/setters/function getters, deterministic naming/collisions, same-module authenticated function values, rejected Java callbacks, live-array escape behavior, and metadata access.	lyra-compiler/src/test/java/io/mindspice/lyra/compiler/backend/jvm/Phase17SmokeTest.java#generatedFacadeCompilesAsAnOrdinaryJavaConsumer;lyra-compiler/src/test/java/io/mindspice/lyra/compiler/api/Phase19PublicApiTest.java#compilerPublishesImmutableArtifactAndExactBoundHandle	api
P24-PLAN-VAL-013	.internal-dev/plans/20260830-194512-implement-the-complete-lyra-language-jvm-backend-runtime/plan.md#Validation-Criteria	plan-validation	PASS	Runtime tests prove one dependency instance per root instance, independent instances, eager order/effects/failure, wrong-thread-before-state checks, OPEN/FAILED/CLOSED behavior, owner-thread idempotent close, post-close failures, invalidated closures/handles, and loader close ordering.	lyra-runtime/src/test/java/io/mindspice/lyra/runtime/RuntimeFoundationTest.java#optionsOwnNoStreamsAndLifecycleChecksOrderAndInvalidation;lyra-compiler/src/test/java/io/mindspice/lyra/compiler/api/Phase22ConformanceTest.java#handlesAndClosuresAreOwnerConfinedAndInvalidatedAfterClose	runtime
P24-PLAN-VAL-014	.internal-dev/plans/20260830-194512-implement-the-complete-lyra-language-jvm-backend-runtime/plan.md#Validation-Criteria	plan-validation	PASS	Failure tests cover every required `LYR-*` category, `LYC-*` diagnostics, Lyra frame/span order, synthetic-frame hiding, `StackOverflowError` translation only at the specified boundary, custom loader link/verify translation, and unchanged escape of excluded JVM integrity failures.	lyra-compiler/src/test/java/io/mindspice/lyra/compiler/api/Phase22ConformanceTest.java#runtimeFailureMatrixIncludesFramesAndInitializationCause;lyra-cli/src/test/java/io/mindspice/lyra/cli/Phase22CliConformanceTest.java#runMapsRuntimeFailuresAndDeferredSyntaxToSourceFailures	diagnostics
P24-PLAN-VAL-015	.internal-dev/plans/20260830-194512-implement-the-complete-lyra-language-jvm-backend-runtime/plan.md#Validation-Criteria	plan-validation	PASS	Repeated clean compilation of identical snapshots/options under the same compiler build produces byte-identical classes/directories/thin JARs/bundled JARs, canonical JSON/debug maps/MANIFEST.MF, stable names/revisions, normalized ZIP entries, and no absolute paths/timestamps.	lyra-compiler/src/test/java/io/mindspice/lyra/compiler/api/Phase22ConformanceTest.java#repeatedCleanCompilationsProduceByteIdenticalArtifacts;tools/phase24-release-audit.sh	determinism
P24-PLAN-VAL-016	.internal-dev/plans/20260830-194512-implement-the-complete-lyra-language-jvm-backend-runtime/plan.md#Validation-Criteria	plan-validation	PASS	Artifact publication tests prove refusal without force, sibling staging, atomic replacement, preservation of previous output on failure, source-inclusion hash consistency, malformed/duplicate metadata rejection, ABI/profile/preview preflight, and direct-classpath JVM mismatch behavior.	lyra-compiler/src/test/java/io/mindspice/lyra/compiler/api/Phase22ConformanceTest.java#metadataAndDebugMapRemainCanonicalWithOptionalSources;tools/phase24-release-audit.sh	artifact
P24-PLAN-VAL-017	.internal-dev/plans/20260830-194512-implement-the-complete-lyra-language-jvm-backend-runtime/plan.md#Validation-Criteria	plan-validation	PASS	Class directories, thin JARs with external runtime, and bundled JARs all verify/load/execute; bundled output obeys `java -jar` versus `--enable-preview`, and thin output shares exactly one parent runtime.	lyra-compiler/src/test/java/io/mindspice/lyra/compiler/api/Phase22ConformanceTest.java#classesThinAndBundledArtifactsAreDeterministicAndExternallyVerifiable;tools/phase24-release-audit.sh	packaging
P24-PLAN-VAL-018	.internal-dev/plans/20260830-194512-implement-the-complete-lyra-language-jvm-backend-runtime/plan.md#Validation-Criteria	plan-validation	PASS	CLI subprocess tests prove exact help/version text, options/defaults, root path/logical resolution, `--` forwarding, exact-main diagnostics, compile formats, output paths, source/runtime/usage exit classes, returned-main exit values, and invocation/close failure precedence.	lyra-cli/src/test/java/io/mindspice/lyra/cli/Phase21CliTest.java#helpVersionAndUsageAreStable;lyra-cli/src/test/java/io/mindspice/lyra/cli/Phase22CliConformanceTest.java#runMapsRuntimeFailuresAndDeferredSyntaxToSourceFailures	cli
P24-PLAN-VAL-019	.internal-dev/plans/20260830-194512-implement-the-complete-lyra-language-jvm-backend-runtime/plan.md#Validation-Criteria	plan-validation	PASS	Public Java API tests compile external consumer fixtures for ahead-of-time generated facades and runtime compile/load/instantiate/exact export handles, with no repeated name search or `Object...` conversion on invocation.	lyra-compiler/src/test/java/io/mindspice/lyra/compiler/api/Phase19PublicApiTest.java#compilerPublishesImmutableArtifactAndExactBoundHandle;lyra-compiler/src/test/java/io/mindspice/lyra/compiler/api/Phase22ConformanceTest.java#generatedFacadeExposesExactJavaTypesAndCompilesAsAConsumer	api
P24-PLAN-VAL-020	.internal-dev/plans/20260830-194512-implement-the-complete-lyra-language-jvm-backend-runtime/plan.md#Validation-Criteria	plan-validation	PASS	`std->io` tests prove pinned identity/revision, non-shadowability, serialized contiguous UTF-8 output, exact `\n`, flushes, configurable streams/charset, line/CRLF behavior, EOF, malformed input, interruption preservation, `LYR-IO`, and non-closing process streams.	lyra-compiler/src/test/java/io/mindspice/lyra/compiler/api/Phase20IoTest.java#outputUsesConfiguredCharsetOneWritePerCallAndFlushes;lyra-compiler/src/test/java/io/mindspice/lyra/compiler/api/Phase20IoTest.java#readLineDecodesUtf8StripsOnlyCrLfAndUsesNilOnlyAtCleanEof	io
P24-PLAN-VAL-021	.internal-dev/plans/20260830-194512-implement-the-complete-lyra-language-jvm-backend-runtime/plan.md#Validation-Criteria	plan-validation	PASS	Focused goldens for canonical metadata, diagnostics, debug maps, and selected disassembly are reviewed and stable; all other behavior is asserted structurally rather than accepted through broad snapshots or printed output.	README.md;lyra-compiler/src/test/java/io/mindspice/lyra/compiler/artifact/Phase18ArtifactTest.java#metadataIsCanonicalEscapedOrderedAndReadable	docs
P24-PLAN-VAL-022	.internal-dev/plans/20260830-194512-implement-the-complete-lyra-language-jvm-backend-runtime/plan.md#Validation-Criteria	plan-validation	PASS	Class-file inspection plus JMH GC-profiler/JFR evidence proves no avoidable boxing/allocation in primitive steady-state paths without relying solely on escape analysis.	tools/phase23-evidence.sh;tools/phase23-gates.json;tools/phase23_gate.py	phase23
P24-PLAN-VAL-023	.internal-dev/plans/20260830-194512-implement-the-complete-lyra-language-jvm-backend-runtime/plan.md#Validation-Criteria	plan-validation	PASS	JMH evidence records the required environment/methodology and compares all specified cold/warm/call/arithmetic/recursion/closure/aggregate/failure/loading/allocation/class-count/metaspace workloads against equivalent Java.	tools/phase23-evidence.sh;tools/phase23-gates.json	phase23
P24-PLAN-VAL-024	.internal-dev/plans/20260830-194512-implement-the-complete-lyra-language-jvm-backend-runtime/plan.md#Validation-Criteria	plan-validation	PASS	The owner ratifies numerical performance thresholds from the evidence, those gates are encoded and pass before final backend completion is reported.	tools/phase23-gates.json;tools/phase23_gate.py	phase23
P24-PLAN-VAL-025	.internal-dev/plans/20260830-194512-implement-the-complete-lyra-language-jvm-backend-runtime/plan.md#Validation-Criteria	plan-validation	PASS	A final requirement matrix maps every validation bullet in both living specifications to passing tests/evidence and confirms every deferred feature remains absent from current grammar/product/API claims.	tools/phase24-conformance-coverage.tsv#P24-COV-LANG-001;tools/phase24-conformance-coverage.tsv#P24-COV-BACK-013	coverage
P24-REPL-001	.internal-dev/plans/20260905-134255-persistent-lyra-repl-with-jline-console-evaluation-api-a/plan.md#Required-Behavior	session-api	PASS	Owner-confined session lifecycle cancellation revisions source origins and staged metadata publication are implemented and tested	lyra-repl/src/test/java/io/mindspice/lyra/repl/LyraSessionTest.java#typeQueryUsesFinalTopLevelFormWithoutExecutingOrPublishing;lyra-repl/src/test/java/io/mindspice/lyra/repl/ReplContractsTest.java#requestIdentityRevisionAndTerminalResultsAreImmutableAndStatusSafe;lyra-repl/src/test/java/io/mindspice/lyra/repl/PersistentScalarTest.java#privateCounterUsesItsOriginalTypedStorage;lyra-repl/src/test/java/io/mindspice/lyra/repl/SessionJavaConsumerTest.java#externalJavaConsumerProvesPersistenceCancellationBusyClosedAndVerification;lyra-compiler/src/test/java/io/mindspice/lyra/compiler/api/SessionCompilerTest.java#compositeSessionResultReusesExistingGeneratedTypeDependencies	repl-session
P24-REPL-002	.internal-dev/plans/20260905-134255-persistent-lyra-repl-with-jline-console-evaluation-api-a/plan.md#Required-Behavior	transport	PASS	Credential-free bounded loopback protocol v2 framing validation one-controller reconnect cancellation freshness LOAD/RELOAD and completion behavior are implemented and tested	lyra-repl/src/test/java/io/mindspice/lyra/repl/remote/RemoteProtocolV2Test.java#helloCarriesSessionRevisionMutationSequenceAndActiveRequest;lyra-repl/src/test/java/io/mindspice/lyra/repl/remote/RemoteWireRobustnessTest.java#duplicateIdentityAndSequenceNeverExecuteSourceTwice;lyra-repl/src/test/java/io/mindspice/lyra/repl/remote/RemoteWireRobustnessTest.java#terminalResultSuppressesCancellationStatusAfterEvaluationFinishes;lyra-repl/src/test/java/io/mindspice/lyra/repl/remote/RemoteSessionExecutionTest.java#realSessionQueriesExecuteOnOwnerAndRuntimeFramesSurviveTheWire;lyra-repl/src/test/java/io/mindspice/lyra/repl/remote/RemoteFileModuleTest.java#reloadRebuildsServerModulesAndReturnsRealInitializerProgress;lyra-repl/src/test/java/io/mindspice/lyra/repl/remote/NoAuthAttachmentTest.java#attachExecutesRealRootStateWithoutAnyCredentialSurface	repl-remote
P24-REPL-003	.internal-dev/plans/20260905-134255-persistent-lyra-repl-with-jline-console-evaluation-api-a/plan.md#Required-Behavior	console	PASS	Plain and JLine editing lexical completeness history privacy type checking terminal behavior configured-root startup reload and coordinated program input pass	lyra-repl/src/test/java/io/mindspice/lyra/repl/PlainConsoleTest.java#reloadTargetRoutesToTheSessionAndReportsItsTerminalOutcome;lyra-cli/src/test/java/io/mindspice/lyra/cli/JLineConsoleTest.java#commonPersistentCorpusExecutesThroughTheRichManagedConsole;lyra-cli/src/test/java/io/mindspice/lyra/cli/JLinePtyTest.java#activeCtrlCCancelsOnlyTheKnownEvaluationAndLaterSourceSucceeds;lyra-cli/src/test/java/io/mindspice/lyra/cli/JLineConsoleTest.java#fileAndModuleCompletionListsExecutionHostFilesWithoutInitializingThem;lyra-repl/src/test/java/io/mindspice/lyra/repl/ConsoleParsingTest.java#reloadRequiresExactlyOneTargetAndIsNotAnUnavailableNoOp;lyra-cli/src/test/java/io/mindspice/lyra/cli/AttachCliTest.java#attachUsesPlainInjectedStreamsAndMapsEvaluationQueriesResetAndHistory	repl-console
P24-REPL-004	.internal-dev/plans/20260905-134255-persistent-lyra-repl-with-jline-console-evaluation-api-a/plan.md#Required-Behavior	linkage	PASS	Exact scalar source-local aggregate and compiler-certified callable storage pass including captured cells higher-order calls returned closures callable-bearing arrays/tuples recursion failure recovery cancellation and imported module linkage	lyra-compiler/src/test/java/io/mindspice/lyra/compiler/api/SessionStorageLinkTest.java#identicalNamesTypesAndOrdinalsDoNotAuthorizeForeignStorage;lyra-compiler/src/test/java/io/mindspice/lyra/compiler/api/SessionAggregateLinkTest.java#physicalTypeMismatchAndChangedStructuralBytesFailBeforeAnyNewSourceEffect;lyra-compiler/src/test/java/io/mindspice/lyra/compiler/api/SessionCallableRuntimeTest.java#initializedGenerationsShareExactClosuresAndTheirOriginalMutableCells;lyra-compiler/src/test/java/io/mindspice/lyra/compiler/api/SessionCapturedInstanceFlowTest.java#independentFactoryCellsDoNotLoseEachOthersCallableAlternatives;lyra-compiler/src/test/java/io/mindspice/lyra/compiler/api/SessionDeclarationWriteFlowTest.java#invokedBodiesTransferCurrentModuleFunctionStorageWrites;lyra-repl/src/test/java/io/mindspice/lyra/repl/PersistentCallableTest.java#closuresRetainOriginalBindingsAndShareMutableCellsAcrossSubmissions;lyra-repl/src/test/java/io/mindspice/lyra/repl/PersistentImportTest.java#importedModuleInitializesOnceAndKeepsLiveStateAcrossSubmissions	repl-linkage
P24-REPL-005	.internal-dev/plans/20260905-134255-persistent-lyra-repl-with-jline-console-evaluation-api-a/plan.md#Required-Behavior	results	PASS	Exact final-expression bytecode results produce bounded immutable scalar nullable array tuple function and alias snapshots without execution during formatting	lyra-repl/src/test/java/io/mindspice/lyra/repl/ExecutedSnapshotTest.java#resultsComeFromExecutedExpressionsAndDeclarationsHaveNoSeparateResult;lyra-repl/src/test/java/io/mindspice/lyra/repl/ExecutedSnapshotTest.java#displayBudgetsBoundWidthDepthAndEscapedOutput;lyra-repl/src/test/java/io/mindspice/lyra/repl/ExecutedSnapshotTest.java#returnedSnapshotRemainsUsableAfterGenerationResetAndClose;lyra-compiler/src/test/java/io/mindspice/lyra/compiler/api/SessionCompilerTest.java#compositeSessionResultReusesExistingGeneratedTypeDependencies;lyra-repl/src/test/java/io/mindspice/lyra/repl/ReplContractsTest.java#snapshotsPreserveTypedDataOrderingAndBoundedTruncation	repl-results
P24-REPL-006	.internal-dev/plans/20260905-134255-persistent-lyra-repl-with-jline-console-evaluation-api-a/plan.md#Required-Behavior	modules	PASS	Single-source generations data aggregates and certified callable values are retained and retired at reset/close; import-anytime pinned reuse reload configured roots and application-owned escaped callable-generation lifecycle are implemented	lyra-repl/src/test/java/io/mindspice/lyra/repl/PersistentImportTest.java#importedModuleInitializesOnceAndKeepsLiveStateAcrossSubmissions;lyra-repl/src/test/java/io/mindspice/lyra/repl/SessionModuleRuntimeTest.java#diamondDependenciesInitializeOnceAndReuseOneLiveProducer;lyra-repl/src/test/java/io/mindspice/lyra/repl/ModuleReloadTest.java#reloadUsesFreshSourceWhileOldSelectiveValueRemainsBound;lyra-repl/src/test/java/io/mindspice/lyra/repl/ModuleReloadTest.java#deletingTheBackingSourceDoesNotReplaceThePinnedDefault;lyra-repl/src/test/java/io/mindspice/lyra/repl/SessionGenerationLifecycleTest.java#repeatedReloadResetAndCloseRetireOwnedGenerations;lyra-compiler/src/test/java/io/mindspice/lyra/compiler/api/SessionPinnedModuleCompilerTest.java#preservesEveryProducerIdentityAndEmitsOnlyNewCodeWithExactExternalReads	repl-module
P24-REPL-007	.internal-dev/plans/20260905-134255-persistent-lyra-repl-with-jline-console-evaluation-api-a/plan.md#Required-Behavior	attachment	PASS	Debug-capable launcher activation application owner-thread safe points root-public live assignment and explicit Java embedding lifecycle are implemented	lyra-repl/src/test/java/io/mindspice/lyra/repl/ApplicationAttachmentTest.java#publicScalarReadsAndWritesTargetTheOriginalRootStorage;lyra-repl/src/test/java/io/mindspice/lyra/repl/ApplicationAttachmentTest.java#publicFunctionValuesUseRealInstancesInBothDirections;lyra-repl/src/test/java/io/mindspice/lyra/repl/ApplicationSafePointTest.java#infiniteSelfTailMainServicesOneOwnerRequestThenResumes;lyra-repl/src/test/java/io/mindspice/lyra/repl/AttachmentCancellationTest.java#cancellationInsideRootCallsTargetsOnlyThatEvaluation;lyra-repl/src/test/java/io/mindspice/lyra/repl/AttachedValueLifetimeTest.java#tupleAndFunctionValuesShareTheRootLifetimeStructuralDomainAcrossReopen;lyra-repl/src/test/java/io/mindspice/lyra/repl/ApplicationAttachmentJavaConsumerTest.java#externalJavaConsumerProvesExplicitOpenPollCloseReopenAndCancellationIdentities	repl-attachment
P24-REPL-008	.internal-dev/plans/20260905-134255-persistent-lyra-repl-with-jline-console-evaluation-api-a/plan.md#Validation-Criteria	integration	PASS	The scalar data-aggregate source-local callable imported-module configured-root and attachment corpus passes including recursive/cancellation flows forked Java verification cross-surface conformance and release gates	lyra-repl/src/test/java/io/mindspice/lyra/repl/CrossSurfaceLocalApiTest.java#commonCorpusExecutesThroughTheLocalSessionApi;lyra-repl/src/test/java/io/mindspice/lyra/repl/CrossSurfaceManagedConsoleTest.java#commonCorpusExecutesOnTheManagedConsoleOwner;lyra-repl/src/test/java/io/mindspice/lyra/repl/CrossSurfacePlainConsoleTest.java#consoleCorpusKeepsOneInputOwnerAndExactSourceHistory;lyra-repl/src/test/java/io/mindspice/lyra/repl/CrossSurfaceAttachedAppTest.java#appAndSessionMutationsObserveTheSameExactRootStorage;lyra-repl/src/test/java/io/mindspice/lyra/repl/remote/CrossSurfaceRemoteStandaloneTest.java#commonCorpusExecutesThroughTheRemoteStandaloneAdapter;lyra-repl/src/test/java/io/mindspice/lyra/repl/remote/RemoteSessionExecutionTest.java#realSessionQueriesExecuteOnOwnerAndRuntimeFramesSurviveTheWire;lyra-cli/src/test/java/io/mindspice/lyra/cli/ReplRunCliTest.java#runReplBindsAnUnauthenticatedEndpointAndServicesLiveRootWork;lyra-cli/src/test/java/io/mindspice/lyra/cli/ReplArtifactIT.java#bundledDebugJarRunsWithNoExternalCompilerOrReplJars;tools/phase24-release-audit.sh	repl-integration
